{"cameraMode":{"drawMode":0,"name":"Shaded","section":"Shading Mode"},"sceneLighting":false,"audioPlay":false,"sceneViewState":{"m_AlwaysRefresh":false,"showFog":true,"showSkybox":false,"showFlares":true,"showImageEffects":true,"showParticleSystems":true,"showVisualEffectGraphs":true,"m_FxEnabled":true},"in2DMode":false,"pivot":{"x":0.4088559150695801,"y":0.7347667217254639,"z":1.5773544311523438},"rotation":{"x":0.08281312882900238,"y":-0.7770887613296509,"z":0.10460275411605835,"w":0.6151554584503174},"size":2.1881296634674074,"orthographic":false}