{"cameraMode":{"drawMode":0,"name":"Shaded","section":"Shading Mode"},"sceneLighting":true,"audioPlay":false,"sceneViewState":{"m_AlwaysRefresh":false,"showFog":true,"showSkybox":true,"showFlares":true,"showImageEffects":true,"showParticleSystems":true,"showVisualEffectGraphs":true,"m_FxEnabled":true},"in2DMode":false,"pivot":{"x":2.2986319065093996,"y":7.309450149536133,"z":-2.140662908554077},"rotation":{"x":0.02095760591328144,"y":-0.062343891710042956,"z":0.001309427316300571,"w":0.9978346228599548},"size":12.12435531616211,"orthographic":false}