{"cameraMode":{"drawMode":0,"name":"Shaded","section":"Shading Mode"},"sceneLighting":false,"audioPlay":false,"sceneViewState":{"m_AlwaysRefresh":false,"showFog":true,"showSkybox":false,"showFlares":true,"showImageEffects":true,"showParticleSystems":true,"showVisualEffectGraphs":true,"m_FxEnabled":true},"in2DMode":false,"pivot":{"x":0.7786579132080078,"y":-0.06236642599105835,"z":8.852792739868164},"rotation":{"x":0.21229499578475953,"y":0.23479385673999787,"z":-0.05262594297528267,"w":0.9471319913864136},"size":0.807944118976593,"orthographic":false}