{"cameraMode":{"drawMode":0,"name":"Shaded","section":"Shading Mode"},"sceneLighting":false,"audioPlay":false,"sceneViewState":{"m_AlwaysRefresh":false,"showFog":true,"showSkybox":false,"showFlares":true,"showImageEffects":true,"showParticleSystems":true,"showVisualEffectGraphs":true,"m_FxEnabled":true},"in2DMode":false,"pivot":{"x":0.494446724653244,"y":-3.5593457221984865,"z":26.382335662841798},"rotation":{"x":0.1935720592737198,"y":0.04413285478949547,"z":-0.008717150427401066,"w":0.9800639152526856},"size":10.327513694763184,"orthographic":false}