{"cameraMode":{"drawMode":0,"name":"Shaded","section":"Shading Mode"},"sceneLighting":true,"audioPlay":false,"sceneViewState":{"m_AlwaysRefresh":false,"showFog":true,"showSkybox":true,"showFlares":true,"showImageEffects":true,"showParticleSystems":true,"showVisualEffectGraphs":true,"m_FxEnabled":true},"in2DMode":false,"pivot":{"x":0.8384861946105957,"y":6.320406913757324,"z":6.916513442993164},"rotation":{"x":-0.0557795986533165,"y":0.009579979814589024,"z":-0.0005589891807176173,"w":-0.998432457447052},"size":11.428274154663086,"orthographic":false}