{"cameraMode":{"drawMode":0,"name":"Shaded","section":"Shading Mode"},"sceneLighting":true,"audioPlay":false,"sceneViewState":{"m_AlwaysRefresh":false,"showFog":true,"showSkybox":true,"showFlares":true,"showImageEffects":true,"showParticleSystems":true,"showVisualEffectGraphs":true,"m_FxEnabled":true},"in2DMode":false,"pivot":{"x":13.181964874267579,"y":5.962565898895264,"z":-0.1400049924850464},"rotation":{"x":0.06995721906423569,"y":-0.7423074841499329,"z":0.07845699787139893,"w":0.6617748737335205},"size":1.0894646644592286,"orthographic":false}