{"cameraMode":{"drawMode":0,"name":"Shaded","section":"Shading Mode"},"sceneLighting":true,"audioPlay":false,"sceneViewState":{"m_AlwaysRefresh":false,"showFog":true,"showSkybox":true,"showFlares":true,"showImageEffects":true,"showParticleSystems":true,"showVisualEffectGraphs":true,"m_FxEnabled":true},"in2DMode":false,"pivot":{"x":-0.12688279151916505,"y":0.008268356323242188,"z":8.72895336151123},"rotation":{"x":-0.7192286849021912,"y":0.010827550664544106,"z":-0.011224974878132344,"w":-0.6946094036102295},"size":7.610825061798096,"orthographic":true}